{
  "metric_optimized": "combo_r",
  "aggregate_tuned": {
    "tau_prior": 7.396663524735488,
    "tau_softmax": 6.512272837290221,
    "epsilon": 0.8833002375851355,
    "epsilon_switch": 0.39250662324362373,
    "combo_r": 0.555562896529084,
    "marg_r": 0.6712058755077199,
    "mean_ll": -2.9484234195707066
  },
  "switch_stage_tuned": {
    "tau_prior": 20.0,
    "tau_softmax": 0.17216317566546632,
    "epsilon": 0.06587705684347421,
    "epsilon_switch": 0.8155835656920467,
    "combo_r": 0.29743147946704096,
    "marg_r": 0.3869772237527571,
    "mean_ll": -19.08869819966178
  }
}