{
  "metric_optimized": "combo_r",
  "aggregate_tuned": {
    "tau_prior": 5.709994950916625,
    "tau_softmax": 6.369515692415156,
    "epsilon": 0.2,
    "epsilon_switch": 0.35071888923114697,
    "combo_r": 0.5406601165527805,
    "marg_r": 0.6269485562640151,
    "mean_ll": -2.9646201892408093
  },
  "switch_stage_tuned": {
    "tau_prior": 10.0,
    "tau_softmax": 0.17111853925224724,
    "epsilon": 0.06981723089793464,
    "epsilon_switch": 0.815219651173881,
    "combo_r": 0.2971405540706764,
    "marg_r": 0.38667870871077537,
    "mean_ll": -19.084280500594872
  }
}