export,n,WIN,LOSE,TIMEOUT,win_rate,usable_bot_rounds,ever_deviated_rate,final_deviated_rate
04-23,50,22,14,14,0.44,50,0.58,0.34
04-27a,52,22,11,19,0.4230769230769231,52,0.4807692307692308,0.3269230769230769
04-27b,48,10,21,17,0.20833333333333334,48,0.4583333333333333,0.3125
All,150,54,46,50,0.36,150,0.5066666666666667,0.32666666666666666
