export,stage,n_inferences,accuracy
04-23,2,98,0.7244897959183674
04-23,3,98,0.5
04-23,4,74,0.7027027027027027
04-23,5,48,0.6666666666666666
04-27a,2,102,0.6470588235294118
04-27a,3,102,0.4117647058823529
04-27a,4,82,0.524390243902439
04-27a,5,64,0.5
04-27b,2,92,0.5
04-27b,3,90,0.4666666666666667
04-27b,4,58,0.6724137931034483
04-27b,5,40,0.75
All,2,292,0.6267123287671232
All,3,290,0.4586206896551724
All,4,214,0.6261682242990654
All,5,152,0.618421052631579
