export,stage,n_inferences,accuracy
04-23,2,186,0.7849462365591398
04-23,3,168,0.6607142857142857
04-23,4,78,0.48717948717948717
04-27a,2,210,0.7095238095238096
04-27a,3,192,0.6041666666666666
04-27a,4,126,0.5873015873015873
04-27a,5,46,0.6739130434782609
04-27b,2,186,0.6182795698924731
04-27b,3,156,0.6346153846153846
04-27b,4,102,0.6078431372549019
04-27b,5,30,0.6333333333333333
All,2,582,0.7044673539518901
All,3,516,0.6317829457364341
All,4,306,0.5686274509803921
All,5,76,0.6578947368421053
