export,n,WIN,LOSE,TIMEOUT,win_rate,complete_clean_team_rounds
04-23,32,30,2,0,0.9375,32
04-27a,35,29,5,1,0.8285714285714286,35
04-27b,31,26,2,3,0.8387096774193549,31
All,98,85,9,4,0.8673469387755102,98
