{
  "metric_optimized": "combo_r",
  "stage1_params": {
    "tau_prior": 6.8031474490610035,
    "epsilon": 0.5613904443735597,
    "window": 1,
    "drift_delta": 0.0
  },
  "aggregate_tuned": {
    "tau_softmax": 8.26950984972256,
    "combo_r": 0.43024433471749746,
    "marg_r": 0.47984267024759003,
    "mean_ll": -3.1182922627017504,
    "switch_combo_r": 0.2310178305683468,
    "switch_marg_r": 0.35985030724044087,
    "switch_mean_ll": -3.357125754241137
  }
}