{
  "metric_optimized": "combo_r",
  "aggregate_tuned": {
    "tau_prior": 6.070153824361342,
    "tau_softmax": 6.953155597868559,
    "epsilon": 0.8129888218944668,
    "combo_r": 0.44514499783756545,
    "marg_r": 0.5089869351995528,
    "mean_ll": -3.300238733245498
  },
  "switch_stage_tuned": {
    "tau_prior": 0.1,
    "tau_softmax": 0.1,
    "epsilon": 0.059461603914938654,
    "combo_r": 0.28653865759929276,
    "marg_r": 0.3873402142213644,
    "mean_ll": -25.83424723281554
  }
}