{
  "metric_optimized": "combo_r",
  "stage1_params": {
    "tau_prior": 6.8031474490610035,
    "epsilon": 0.5613904443735597,
    "window": 1,
    "drift_delta": 0.0
  },
  "aggregate_tuned": {
    "tau_softmax": 6.174642043793772,
    "epsilon_switch": 0.35412709451155655,
    "combo_r": 0.5419865790872912,
    "marg_r": 0.6426616486408891,
    "mean_ll": -2.9107973256817226,
    "switch_combo_r": 0.15889193821288558,
    "switch_marg_r": 0.4206052676661375,
    "switch_mean_ll": -4.150223193488935
  }
}