{
  "metric_optimized": "combo_r",
  "aggregate_tuned": {
    "eps": 0.2569688157813117,
    "combo_r": 0.45104531723005137,
    "marg_r": 0.5274508153914093,
    "mean_ll": -2.8763063844328056
  },
  "switch_stage_tuned": {
    "eps": 0.49583730297582795,
    "combo_r": 0.20525681019583256,
    "marg_r": 0.35881447385566356,
    "mean_ll": -3.1889369999694375
  }
}