{
  "metric_optimized": "combo_r",
  "aggregate_tuned": {
    "tau_prior": 0.3211109967085332,
    "epsilon": 0.0016015329831148351,
    "delta": 0.0,
    "combo_r": 0.4010536720322874,
    "marg_r": 0.394078976404374,
    "mean_ll": -23.801672006518746
  },
  "switch_stage_tuned": {
    "tau_prior": 13.366666666666665,
    "epsilon": 0.005848035476425728,
    "delta": 0.0,
    "combo_r": 0.34493436126561866,
    "marg_r": 0.49408075908736143,
    "mean_ll": -43.11352264329076
  }
}