{
  "metric_optimized": "combo_r",
  "aggregate_tuned": {
    "tau_prior": 1.2471104147149523,
    "epsilon": 0.0,
    "delta": 0.0,
    "combo_r": 0.48570428456407566,
    "marg_r": 0.5150972097265176,
    "mean_ll": -22.174847534610688
  },
  "switch_stage_tuned": {
    "tau_prior": 5.627777777777776,
    "epsilon": 0.05555555555555556,
    "delta": 0.0,
    "combo_r": 0.33291955789953176,
    "marg_r": 0.4645938828788716,
    "mean_ll": -43.47978170023071
  }
}