{
  "metric_optimized": "combo_r",
  "aggregate_tuned": {
    "bayesian_thresh": {
      "tau_prior": 6.002517856891009,
      "tau_softmax": 4.633650360095246,
      "epsilon": 0.9333333333333333,
      "delta": 34.94949494949495,
      "combo_r": 0.49695093159148823,
      "marg_r": 0.6042082910744191,
      "mean_ll": -22.13448502643374
    }
  },
  "switch_stage_tuned": {
    "bayesian_thresh": {
      "tau_prior": 20.0,
      "tau_softmax": 0.1,
      "epsilon": 0.07500294620955639,
      "delta": 0.0,
      "combo_r": 0.2492592088209796,
      "marg_r": 0.3902972567333126,
      "mean_ll": -39.92258731145132
    }
  }
}