{
  "metric_optimized": "combo_r",
  "aggregate_tuned": {
    "bayesian_thresh": {
      "tau_prior": 5.62787081902417,
      "tau_softmax": 3.858032275599972,
      "epsilon": 0.17423051348981858,
      "delta": 3.333333333333333,
      "combo_r": 0.474424907859743,
      "marg_r": 0.6055309308458428,
      "mean_ll": -21.98431691987454
    }
  },
  "switch_stage_tuned": {
    "bayesian_thresh": {
      "tau_prior": 20.0,
      "tau_softmax": 0.1,
      "epsilon": 0.07501192498288729,
      "delta": 0.0,
      "combo_r": 0.24925920887838235,
      "marg_r": 0.3902976488317455,
      "mean_ll": -39.922580131627804
    }
  }
}