{
  "main_model": {
    "params": {
      "tau_prior": 5.6,
      "tau_softmax": 0.1,
      "epsilon": 0.2
    },
    "global": {
      "combo_r": 0.40082409393397633,
      "marg_r": 0.41237078958157847
    },
    "per_env": {
      "411_222_222_FMM": {
        "combo_r": 0.04557148409609776,
        "marg_r": -0.3461832678436112
      },
      "114_222_222_MFF": {
        "combo_r": 0.6260876834126659,
        "marg_r": 0.7855967727351167
      },
      "411_141_114_FTM": {
        "combo_r": 0.49150604696715383,
        "marg_r": 0.3177018357833818
      },
      "411_141_114_FTF": {
        "combo_r": 0.21861850976338648,
        "marg_r": 0.449466502879445
      },
      "411_141_114_FFM": {
        "combo_r": 0.537573564886254,
        "marg_r": 0.7393957365128347
      },
      "222_222_222_FFF": {
        "combo_r": 0.4134938443592457,
        "marg_r": 0.731911890692553
      }
    }
  },
  "random": {
    "global": {
      "combo_r": 0.10517612283938212,
      "marg_r": NaN
    },
    "per_env": {
      "411_222_222_FMM": {
        "combo_r": 0.11681732837899943,
        "marg_r": NaN
      },
      "114_222_222_MFF": {
        "combo_r": -0.10763982417890013,
        "marg_r": NaN
      },
      "411_141_114_FTM": {
        "combo_r": NaN,
        "marg_r": NaN
      },
      "411_141_114_FTF": {
        "combo_r": NaN,
        "marg_r": NaN
      },
      "411_141_114_FFM": {
        "combo_r": NaN,
        "marg_r": NaN
      },
      "222_222_222_FFF": {
        "combo_r": 0.16337667256893906,
        "marg_r": NaN
      }
    }
  },
  "random_walk_(\u03b5=0.38)": {
    "global": {
      "combo_r": 0.4622091780862915,
      "marg_r": 0.6877700998766088
    },
    "per_env": {
      "411_222_222_FMM": {
        "combo_r": 0.18602058910533498,
        "marg_r": 0.4326739872738243
      },
      "114_222_222_MFF": {
        "combo_r": 0.23579911596845612,
        "marg_r": 0.6663516453159871
      },
      "411_141_114_FTM": {
        "combo_r": 0.6251812074881481,
        "marg_r": 0.7584143763706542
      },
      "411_141_114_FTF": {
        "combo_r": 0.6392166175031728,
        "marg_r": 0.8299615655417156
      },
      "411_141_114_FFM": {
        "combo_r": 0.651084203047664,
        "marg_r": 0.8327605446586221
      },
      "222_222_222_FFF": {
        "combo_r": 0.5374175810938723,
        "marg_r": 0.7386081221066814
      }
    },
    "best_eps": 0.3793103448275862
  },
  "optimal": {
    "global": {
      "combo_r": 0.3275855321853662,
      "marg_r": 0.4921338299549769
    },
    "per_env": {
      "411_222_222_FMM": {
        "combo_r": -0.007787821891933302,
        "marg_r": 0.028594313179479858
      },
      "114_222_222_MFF": {
        "combo_r": 0.6510306451485115,
        "marg_r": 0.922791428777363
      },
      "411_141_114_FTM": {
        "combo_r": 0.40838142816555645,
        "marg_r": NaN
      },
      "411_141_114_FTF": {
        "combo_r": 0.16458590718901572,
        "marg_r": 0.6832018046539055
      },
      "411_141_114_FFM": {
        "combo_r": 0.46044541896912705,
        "marg_r": 0.7225229918031749
      },
      "222_222_222_FFF": {
        "combo_r": 0.23756554836659943,
        "marg_r": 0.7442084075352506
      }
    }
  },
  "random_among_top_4": {
    "global": {
      "combo_r": 0.33991870034846805,
      "marg_r": 0.5192352052693995
    },
    "per_env": {
      "411_222_222_FMM": {
        "combo_r": 0.04140876452372193,
        "marg_r": 0.028594313179479885
      },
      "114_222_222_MFF": {
        "combo_r": 0.538666916828878,
        "marg_r": 0.7820524084669049
      },
      "411_141_114_FTM": {
        "combo_r": 0.5133850289308699,
        "marg_r": 0.45016907948075974
      },
      "411_141_114_FTF": {
        "combo_r": 0.27103255293337725,
        "marg_r": 0.8231932086840426
      },
      "411_141_114_FFM": {
        "combo_r": 0.21034135874292378,
        "marg_r": 0.3899434844341312
      },
      "222_222_222_FFF": {
        "combo_r": 0.6026522383037978,
        "marg_r": 0.914174100330066
      }
    },
    "best_k": 4,
    "k_sweep": {
      "1": {
        "combo_r": 0.2875183642719855,
        "marg_r": 0.5265739456466485
      },
      "2": {
        "combo_r": 0.33326288028550544,
        "marg_r": 0.50226000817785
      },
      "3": {
        "combo_r": 0.30518362800303916,
        "marg_r": 0.4365956674327996
      },
      "4": {
        "combo_r": 0.33991870034846805,
        "marg_r": 0.5192352052693995
      },
      "5": {
        "combo_r": 0.3134656592930591,
        "marg_r": 0.45516802458526073
      },
      "6": {
        "combo_r": 0.33239241787112506,
        "marg_r": 0.47064396304699574
      },
      "7": {
        "combo_r": 0.31989492453312035,
        "marg_r": 0.5024878986650758
      },
      "8": {
        "combo_r": 0.30250606034174726,
        "marg_r": 0.5474861775038715
      },
      "9": {
        "combo_r": 0.2770952692323315,
        "marg_r": 0.5523096401812648
      },
      "10": {
        "combo_r": 0.27271420510091077,
        "marg_r": 0.5880613382283055
      },
      "11": {
        "combo_r": 0.270200383962772,
        "marg_r": 0.5905891197858475
      },
      "12": {
        "combo_r": 0.26377584634958207,
        "marg_r": 0.6029568954687015
      },
      "13": {
        "combo_r": 0.2519474424546948,
        "marg_r": 0.5731567383372049
      },
      "14": {
        "combo_r": 0.22501890915489187,
        "marg_r": 0.5122246969213478
      },
      "15": {
        "combo_r": 0.21773333281126567,
        "marg_r": 0.457374147383649
      },
      "16": {
        "combo_r": 0.1939396131693271,
        "marg_r": 0.3796898167383763
      },
      "17": {
        "combo_r": 0.1870804552875766,
        "marg_r": 0.4081605398363164
      },
      "18": {
        "combo_r": 0.17819450901617834,
        "marg_r": 0.4739078684454669
      },
      "19": {
        "combo_r": 0.17095566028145875,
        "marg_r": 0.4527294192421878
      },
      "20": {
        "combo_r": 0.17988933500362772,
        "marg_r": 0.42613577656773205
      },
      "21": {
        "combo_r": 0.18785370557419057,
        "marg_r": 0.369566677947922
      },
      "22": {
        "combo_r": 0.1693730331484719,
        "marg_r": 0.30899490247713446
      },
      "23": {
        "combo_r": 0.14674127695702585,
        "marg_r": 0.20133111515467922
      },
      "24": {
        "combo_r": 0.12639293819328862,
        "marg_r": 0.14020221869679744
      },
      "25": {
        "combo_r": 0.10711251320103307,
        "marg_r": 0.2127165636355351
      },
      "26": {
        "combo_r": 0.08440441655842236,
        "marg_r": 0.1663438087299684
      },
      "27": {
        "combo_r": 0.10517612283938212,
        "marg_r": NaN
      }
    }
  },
  "random_to_optimal": {
    "global": {
      "combo_r": 0.29720286627774417,
      "marg_r": 0.49613903956283173
    },
    "per_env": {
      "411_222_222_FMM": {
        "combo_r": -0.03876151699974181,
        "marg_r": -0.0052027254934114975
      },
      "114_222_222_MFF": {
        "combo_r": 0.7550467322423515,
        "marg_r": 0.9545230271024107
      },
      "411_141_114_FTM": {
        "combo_r": 0.21574112392206016,
        "marg_r": -0.16145249386667437
      },
      "411_141_114_FTF": {
        "combo_r": 0.13764197231620814,
        "marg_r": 0.8532855027266028
      },
      "411_141_114_FFM": {
        "combo_r": 0.4073635823693431,
        "marg_r": 0.8013847631487616
      },
      "222_222_222_FFF": {
        "combo_r": 0.09529019960703619,
        "marg_r": 0.5284229075567874
      }
    }
  },
  "copy_others": {
    "global": {
      "combo_r": 0.08536716247346854,
      "marg_r": 0.687770099876609
    },
    "per_env": {
      "411_222_222_FMM": {
        "combo_r": 0.15869880331264039,
        "marg_r": 0.43267398727382445
      },
      "114_222_222_MFF": {
        "combo_r": -0.02797296381905546,
        "marg_r": 0.6663516453159872
      },