{
  "main_model": {
    "params": {
      "tau_prior": 0.1,
      "tau_softmax": 1.6478,
      "epsilon": 0.2
    },
    "global": {
      "combo_r": 0.2305173338619996,
      "marg_r": 0.3549990676355469
    },
    "per_env": {
      "411_141_114_FFM": {
        "combo_r": 0.06791822713400217,
        "marg_r": 0.07480559077827276
      },
      "114_222_222_MFF": {
        "combo_r": 0.2563666199806324,
        "marg_r": 0.11007325656225939
      },
      "411_141_114_FTM": {
        "combo_r": 0.13422792572008085,
        "marg_r": 0.15257133483411137
      },
      "411_141_114_FTF": {
        "combo_r": 0.4348051291505006,
        "marg_r": 0.6188572694176333
      },
      "411_222_222_FMM": {
        "combo_r": 0.04475119448407198,
        "marg_r": 0.2888361556026922
      },
      "222_222_222_FFF": {
        "combo_r": 0.3684731291456402,
        "marg_r": 0.8423651438818524
      }
    }
  },
  "random": {
    "global": {
      "combo_r": 0.13241777331939308,
      "marg_r": NaN
    },
    "per_env": {
      "411_141_114_FFM": {
        "combo_r": NaN,
        "marg_r": NaN
      },
      "114_222_222_MFF": {
        "combo_r": 2.0816681711721685e-17,
        "marg_r": NaN
      },
      "411_141_114_FTM": {
        "combo_r": NaN,
        "marg_r": NaN
      },
      "411_141_114_FTF": {
        "combo_r": NaN,
        "marg_r": NaN
      },
      "411_222_222_FMM": {
        "combo_r": 0.04583492485141055,
        "marg_r": NaN
      },
      "222_222_222_FFF": {
        "combo_r": 0.2924461611417529,
        "marg_r": NaN
      }
    }
  },
  "random_walk_(\u03b5=0.01)": {
    "global": {
      "combo_r": 0.1584904519306984,
      "marg_r": 0.2587753074518284
    },
    "per_env": {
      "411_141_114_FFM": {
        "combo_r": 0.193652400956461,
        "marg_r": 0.06933752452815371
      },
      "114_222_222_MFF": {
        "combo_r": 0.039270883395736964,
        "marg_r": -0.3616492648073473
      },
      "411_141_114_FTM": {
        "combo_r": 0.2990470695325204,
        "marg_r": 0.7982379372234577
      },
      "411_141_114_FTF": {
        "combo_r": 0.08029907994666054,
        "marg_r": 0.3602440110651468
      },
      "411_222_222_FMM": {
        "combo_r": 0.0883922463532313,
        "marg_r": 0.26013299085723596
      },
      "222_222_222_FFF": {
        "combo_r": 0.45760088128485354,
        "marg_r": 0.5734146386569556
      }
    },
    "best_eps": 0.006210526315789474
  },
  "optimal": {
    "global": {
      "combo_r": 0.16162022180489719,
      "marg_r": 0.4271588940281167
    },
    "per_env": {
      "411_141_114_FFM": {
        "combo_r": 0.07545906228454291,
        "marg_r": 0.30618621784789735
      },
      "114_222_222_MFF": {
        "combo_r": 0.23181045927698496,
        "marg_r": 0.12839397814530942
      },
      "411_141_114_FTM": {
        "combo_r": 0.14702250992323945,
        "marg_r": NaN
      },
      "411_141_114_FTF": {
        "combo_r": -0.026731773937461588,
        "marg_r": 0.7678117501842039
      },
      "411_222_222_FMM": {
        "combo_r": 0.06111323313521411,
        "marg_r": 0.22269966704152216
      },
      "222_222_222_FFF": {
        "combo_r": 0.5091750772173156,
        "marg_r": 0.9383148632568363
      }
    }
  },
  "random_among_top_9": {
    "global": {
      "combo_r": 0.19336487377884026,
      "marg_r": 0.4363337776543785
    },
    "per_env": {
      "411_141_114_FFM": {
        "combo_r": 0.12285902336679026,
        "marg_r": NaN
      },
      "114_222_222_MFF": {
        "combo_r": 0.1470429244187616,
        "marg_r": 0.12839397814530942
      },
      "411_141_114_FTM": {
        "combo_r": 0.18491762727057676,
        "marg_r": 0.10410643730825361
      },
      "411_141_114_FTF": {
        "combo_r": 0.2878806424034328,
        "marg_r": 0.7678117501842037
      },
      "411_222_222_FMM": {
        "combo_r": 4.163336342344337e-17,
        "marg_r": 0.6308932681440449
      },
      "222_222_222_FFF": {
        "combo_r": 0.3762266961123675,
        "marg_r": 0.9555330859059091
      }
    },
    "best_k": 9,
    "k_sweep": {
      "1": {
        "combo_r": 0.10740433197366339,
        "marg_r": 0.3673049032970601
      },
      "2": {
        "combo_r": 0.1320357552392721,
        "marg_r": 0.4032389192727559
      },
      "3": {
        "combo_r": 0.11414642222935896,
        "marg_r": 0.3349453213937413
      },
      "4": {
        "combo_r": 0.1404098776324752,
        "marg_r": 0.37936133032226504
      },
      "5": {
        "combo_r": 0.13471880637923525,
        "marg_r": 0.38914917159241025
      },
      "6": {
        "combo_r": 0.15611470527851212,
        "marg_r": 0.39145504109337387
      },
      "7": {
        "combo_r": 0.19899126850983045,
        "marg_r": 0.4352183535237254
      },
      "8": {
        "combo_r": 0.19065876769204398,
        "marg_r": 0.40687054063884087
      },
      "9": {
        "combo_r": 0.19336487377884026,
        "marg_r": 0.4363337776543785
      },
      "10": {
        "combo_r": 0.18835852651591833,
        "marg_r": 0.4172009153556412
      },
      "11": {
        "combo_r": 0.20246704625017187,
        "marg_r": 0.3201203766859035
      },
      "12": {
        "combo_r": 0.21222531431354774,
        "marg_r": 0.29991997648266183
      },
      "13": {
        "combo_r": 0.2076165897183585,
        "marg_r": 0.27958507736018867
      },
      "14": {
        "combo_r": 0.19763584895750674,
        "marg_r": 0.2650438790836741
      },
      "15": {
        "combo_r": 0.19471277824096933,
        "marg_r": 0.24334817470704778
      },
      "16": {
        "combo_r": 0.17877564364791948,
        "marg_r": 0.18554142142753705
      },
      "17": {
        "combo_r": 0.16370133107464804,
        "marg_r": 0.22240121439409438
      },
      "18": {
        "combo_r": 0.1574072693845605,
        "marg_r": 0.2420068195147887
      },
      "19": {
        "combo_r": 0.18860324425346242,
        "marg_r": 0.24005888847436807
      },
      "20": {
        "combo_r": 0.177534519064091,
        "marg_r": 0.22080047584806883
      },
      "21": {
        "combo_r": 0.16442373458403226,
        "marg_r": 0.2132643042089511
      },
      "22": {
        "combo_r": 0.15665047186198636,
        "marg_r": 0.24778359920184115
      },
      "23": {
        "combo_r": 0.1470642151944937,
        "marg_r": 0.17370830148848437
      },
      "24": {
        "combo_r": 0.1553864306072708,
        "marg_r": 0.06804656762727791
      },
      "25": {
        "combo_r": 0.15714320071561413,
        "marg_r": 0.06431920864232682
      },
      "26": {
        "combo_r": 0.1499559441262206,
        "marg_r": 0.0403938380196152
      },
      "27": {
        "combo_r": 0.13241777331939308,
        "marg_r": NaN
      }
    }
  },
  "random_to_optimal": {
    "global": {
      "combo_r": 0.11603137987145454,
      "marg_r": 0.28685963916835033
    },
    "per_env": {
      "411_141_114_FFM": {
        "combo_r": 0.03822219881599541,
        "marg_r": 0.36092439490174677
      },
      "114_222_222_MFF": {
        "combo_r": 0.046544531403208855,
        "marg_r": -0.11907762944187919
      },
      "411_141_114_FTM": {
        "combo_r": 0.1410152097783621,
        "marg_r": 0.17472108243540285
      },
      "411_141_114_FTF": {
        "combo_r": -0.008999755030002096,
        "marg_r": 0.751368342199247
      },
      "411_222_222_FMM": {
        "combo_r": 0.0055985857792021365,
        "marg_r": 0.10183317018204416
      },
      "222_222_222_FFF": {
        "combo_r": 0.5845729358064082,
        "marg_r": 0.6460582824697985
      }
    }
  },
  "copy_others": {
    "global": {
      "combo_r": 0.020295855866103274,
      "marg_r": 0.2587753074518284
    },
    "per_env": {
      "411_141_114_FFM": {
        "combo_r": -0.1493090034780006,
        "marg_r": 0.06933752452815366
      },
      "114_222_222_MFF": {
        "combo_r": -0.18870122434364248,
        "marg_r": -0.36164926480734727
      },