{
  "params": {
    "tau": 1.0
  },
  "correlations": {
    "411_141_114_FFM": {
      "r": 0.3492186478063537,
      "p": 0.00021198442442921196,
      "n_points": 108
    },
    "114_222_222_MFF": {
      "r": 0.02537981236377403,
      "p": 0.8123103227123795,
      "n_points": 90
    },
    "411_141_114_FTM": {
      "r": 0.024406121109459687,
      "p": 0.7787269463711975,
      "n_points": 135
    },
    "411_141_114_FTF": {
      "r": 0.1320464583267324,
      "p": 0.12684371179323847,
      "n_points": 135
    },
    "411_222_222_FMM": {
      "r": 0.050169271674345484,
      "p": 0.6755715522050723,
      "n_points": 72
    },
    "222_222_222_FFF": {
      "r": 0.26098208715131843,
      "p": 0.16362077344914588,
      "n_points": 30
    }
  },
  "log_likelihood": {
    "411_141_114_FFM": {
      "mean_ll": -12.756504544077414,
      "n_predictions": 11
    },
    "114_222_222_MFF": {
      "mean_ll": -19.655065864299704,
      "n_predictions": 13
    },
    "411_141_114_FTM": {
      "mean_ll": -23.22311430201939,
      "n_predictions": 14
    },
    "411_141_114_FTF": {
      "mean_ll": -21.091338752142146,
      "n_predictions": 12
    },
    "411_222_222_FMM": {
      "mean_ll": -20.43270471061546,
      "n_predictions": 10
    },
    "222_222_222_FFF": {
      "mean_ll": -4.90592233302743,
      "n_predictions": 9
    }
  }
}