{
  "params": {
    "tau": 1.0
  },
  "correlations": {
    "411_141_114_FFM": {
      "combo": {
        "r": 0.3492186478063537,
        "p": 0.00021198442442921196,
        "n": 108
      },
      "marginal": {
        "r": -0.14389984770094338,
        "p": 0.6554683744419116,
        "n": 12
      }
    },
    "114_222_222_MFF": {
      "combo": {
        "r": 0.02537981236377403,
        "p": 0.8123103227123795,
        "n": 90
      },
      "marginal": {
        "r": -0.15625884504105972,
        "p": 0.5781285116208277,
        "n": 15
      }
    },
    "411_141_114_FTM": {
      "combo": {
        "r": 0.024406121109459687,
        "p": 0.7787269463711975,
        "n": 135
      },
      "marginal": {
        "r": -0.01263402319657475,
        "p": 0.9643563074351309,
        "n": 15
      }
    },
    "411_141_114_FTF": {
      "combo": {
        "r": 0.1320464583267324,
        "p": 0.12684371179323847,
        "n": 135
      },
      "marginal": {
        "r": 0.6481379069577412,
        "p": 0.008971066936309257,
        "n": 15
      }
    },
    "411_222_222_FMM": {
      "combo": {
        "r": 0.050169271674345484,
        "p": 0.6755715522050723,
        "n": 72
      },
      "marginal": {
        "r": 0.630271939197145,
        "p": 0.02802578388547937,
        "n": 12
      }
    },
    "222_222_222_FFF": {
      "combo": {
        "r": 0.26098208715131843,
        "p": 0.16362077344914588,
        "n": 30
      },
      "marginal": {
        "r": 0.81732466941604,
        "p": 0.007139318620965619,
        "n": 9
      }
    },
    "__global__": {
      "combo": {
        "r": 0.11692663924151475,
        "p": 0.005189163746422703,
        "n": 570
      },
      "marginal": {
        "r": 0.3054781712390798,
        "p": 0.0065343080061550565,
        "n": 78
      }
    }
  },
  "log_likelihood": {
    "411_141_114_FFM": {
      "mean_ll": -12.756504544077414,
      "n": 11
    },
    "114_222_222_MFF": {
      "mean_ll": -19.655065864299704,
      "n": 13
    },
    "411_141_114_FTM": {
      "mean_ll": -23.22311430201939,
      "n": 14
    },
    "411_141_114_FTF": {
      "mean_ll": -21.091338752142146,
      "n": 12
    },
    "411_222_222_FMM": {
      "mean_ll": -20.43270471061546,
      "n": 10
    },
    "222_222_222_FFF": {
      "mean_ll": -4.90592233302743,
      "n": 9
    }
  }
}