{
  "tau_prior": 5.057028015672493,
  "epsilon": 0.001,
  "memory_strategy": "drift_prior_0.400",
  "kind": "drift_prior",
  "param": 0.4,
  "window": null,
  "drift_delta": 0.4,
  "accuracy": 0.9114391143911439,
  "inference_ll": -0.8225401146120249,
  "n": 542,
  "floor_hits": 0
}