{
  "models": {
    "bayesian_belief": {
      "model": "bayesian_belief",
      "tuned_params": {},
      "eval": {
        "human": {
          "n_records": 96,
          "combo_r": 0.36781112013851064,
          "marg_r": 0.39757367040648073,
          "mean_ll": -3.1356944893020633,
          "agg_ll": -2.694334366253432,
          "n_floor_hits": 0,
          "switch_combo_r": 0.2518319569354216,
          "switch_marg_r": 0.3913842531797509,
          "switch_mean_ll": -3.2061252965618112,
          "switch_agg_ll": -2.8068764707115776,
          "switch_n_floor_hits": 0
        },
        "bot": {
          "n_records": 93,
          "combo_r": 0.43561552370909273,
          "marg_r": 0.7184626140516126,
          "mean_ll": -2.5640088712906297,
          "agg_ll": -2.3217730554085163,
          "n_floor_hits": 0,
          "switch_combo_r": 0.22488611039591117,
          "switch_marg_r": 0.6224783665836349,
          "switch_mean_ll": -2.8352306022270457,
          "switch_agg_ll": -2.449024961623438,
          "switch_n_floor_hits": 0
        },
        "pooled": {
          "n_records": 189,
          "combo_r": 0.40223163030480885,
          "marg_r": 0.6494005778660628,
          "mean_ll": -2.8622796285139858,
          "agg_ll": -2.491066757708988,
          "n_floor_hits": 0,
          "switch_combo_r": 0.23124513908449112,
          "switch_marg_r": 0.5533131199805177,
          "switch_mean_ll": -3.0021332146776905,
          "switch_agg_ll": -2.660342447593589,
          "switch_n_floor_hits": 0
        }
      },
      "bootstrap_agg_ll_ci": {
        "lo": -2.54554059942726,
        "hi": -2.4195717586822094,
        "n_boot": 200,
        "mean": -2.48311305271579
      },
      "cv_heldout_pooled_agg_ll": {
        "mean": -2.4471654842757147,
        "std": 0.18742568588453926,
        "min": -2.743652578393583,
        "max": -2.1565302258000565
      },
      "cv_human_bot_spread": {
        "mean": -0.3984972457206113,
        "std": 0.2981335114207004,
        "n": 16
      },
      "human_bot_spread": -0.3725613108449157,
      "disagreement_flag": false,
      "floor_hit_flag": false
    },
    "bayesian_value": {
      "model": "bayesian_value",
      "tuned_params": {
        "tau_softmax": 50.0
      },
      "eval": {
        "human": {
          "n_records": 96,
          "combo_r": 0.2806933219254226,
          "marg_r": 0.36637783131318913,
          "mean_ll": -3.211978882779688,
          "agg_ll": -2.8511153807592495,
          "n_floor_hits": 0,
          "switch_combo_r": 0.216754958799858,
          "switch_marg_r": 0.28864737507487637,
          "switch_mean_ll": -3.176275213395296,
          "switch_agg_ll": -2.864609754308487,
          "switch_n_floor_hits": 0
        },
        "bot": {
          "n_records": 93,
          "combo_r": -0.044470164418121294,
          "marg_r": -0.39839983621463215,
          "mean_ll": -3.3919395413310123,
          "agg_ll": -2.9734183695515153,
          "n_floor_hits": 0,
          "switch_combo_r": -0.04888468768059048,
          "switch_marg_r": -0.3257862134727825,
          "switch_mean_ll": -3.4222817497191147,
          "switch_agg_ll": -2.9973861051889115,
          "switch_n_floor_hits": 0
        },
        "pooled": {
          "n_records": 189,
          "combo_r": 0.077429542358871,
          "marg_r": -0.21921626314619427,
          "mean_ll": -3.298047023825974,
          "agg_ll": -2.917843286545447,
          "n_floor_hits": 0,
          "switch_combo_r": 0.06317721395149609,
          "switch_marg_r": -0.1421552652544554,
          "switch_mean_ll": -3.3115788083733966,
          "switch_agg_ll": -2.9189793807465922,
          "switch_n_floor_hits": 0
        }
      },
      "bootstrap_agg_ll_ci": {
        "lo": -2.974558611770952,
        "hi": -2.862372080208167,
        "n_boot": 200,
        "mean": -2.9186860830809813
      },
      "cv_heldout_pooled_agg_ll": {
        "mean": -2.9353023380756627,
        "std": 0.08654636285609904,
        "min": -3.1455599903649247,
        "max": -2.8066466562711625
      },
      "cv_human_bot_spread": {
        "mean": 0.14289740707654083,
        "std": 0.14185745439218297,
        "n": 16
      },
      "human_bot_spread": 0.12230298879226575,
      "disagreement_flag": true,
      "floor_hit_flag": false
    },
    "bayesian_walk": {
      "model": "bayesian_walk",
      "tuned_params": {
        "tau_softmax": 20.001344002722107,
        "epsilon_switch": 0.164760748497755
      },
      "eval": {
        "human": {
          "n_records": 96,
          "combo_r": 0.32633688093139857,
          "marg_r": 0.47933455727027896,
          "mean_ll": -3.580598229596545,
          "agg_ll": -2.7555478567544753,
          "n_floor_hits": 0,
          "switch_combo_r": 0.04429976161022312,
          "switch_marg_r": 0.3297138772964562,
          "switch_mean_ll": -5.102400769102456,
          "switch_agg_ll": -3.365496330938557,
          "switch_n_floor_hits": 0
        },
        "bot": {
          "n_records": 93,
          "combo_r": 0.6716221628121937,
          "marg_r": 0.7826793494303917,
          "mean_ll": -2.068307751090819,
          "agg_ll": -1.6924076433485866,
          "n_floor_hits": 0,
          "switch_combo_r": 0.21121490793578201,
          "switch_marg_r": 0.7350562630352011,
          "switch_mean_ll": -3.2210087144223194,
          "switch_agg_ll": -2.080348920595442,
          "switch_n_floor_hits": 0
        },
        "pooled": {
          "n_records": 189,
          "combo_r": 0.589945460500401,
          "marg_r": 0.7205117785213054,
          "mean_ll": -2.8573288703111985,
          "agg_ll": -2.1755038145098404,
          "n_floor_hits": 0,
          "switch_combo_r": 0.1636950124952542,
          "switch_marg_r": 0.6148348154010538,
          "switch_mean_ll": -4.06763513902838,
          "switch_agg_ll": -2.8392506241170223,
          "switch_n_floor_hits": 0
        }
      },
      "bootstrap_agg_ll_ci": {
        "lo": -2.36209783708898,
        "hi": -2.05580085207222,
        "n_boot": 200,
        "mean": -2.2159410887204927
      },
      "cv_heldout_pooled_agg_ll": {
        "mean": -2.3500895369861965,
        "std": 0.48013942333887943,
        "min": -3.1000354452147807,
        "max": -1.6205860705688337
      },
      "cv_human_bot_spread": {
        "mean": -1.3134962812988975,
        "std": 0.7088074361859676,
        "n": 16
      },
      "human_bot_spread": -1.0631402134058887,
      "disagreement_flag": false,
      "floor_hit_flag": false
    },
    "bayesian_thresh": {
      "model": "bayesian_thresh",
      "tuned_params": {
        "tau_softmax": 20.00120046185274,
        "delta": 0.0
      },
      "eval": {
        "human": {
          "n_records": 96,
          "combo_r": 0.2946033525629722,
          "marg_r": 0.3743631700147709,
          "mean_ll": -20.042192996569053,
          "agg_ll": -10.912806793525773,
          "n_floor_hits": 73,
          "switch_combo_r": 0.2067447200528781,
          "switch_marg_r": 0.2945961566700749,
          "switch_mean_ll": -38.30968816218578,
          "switch_agg_ll": -16.73285840251505,
          "switch_n_floor_hits": 67
        },
        "bot": {
          "n_records": 93,
          "combo_r": -0.08529990732778593,
          "marg_r": -0.3400898744182237,
          "mean_ll": -33.57453696085483,
          "agg_ll": -19.91922252502418,
          "n_floor_hits": 83,
          "switch_combo_r": -0.0920131676040713,
          "switch_marg_r": -0.3071283631181221,
          "switch_mean_ll": -44.567163068429586,
          "switch_agg_ll": -25.454602299763994,
          "switch_n_floor_hits": 53
        },
        "pooled": {
          "n_records": 189,
          "combo_r": 0.036449222454328564,
          "marg_r": -0.15473500593528183,
          "mean_ll": -26.514183588183986,
          "agg_ll": -15.826662671762147,
          "n_floor_hits": 156,
          "switch_combo_r": 0.02468204392494792,